0,1,2
QB - 1,QB,1
QB - 2,QB,2
QB - 3,QB,3
QB - 4,QB,4
QB - 5,QB,5
QB - 6,QB,6
QB - 7,QB,7
QB - 8,QB,8
QB - 9,QB,9
QB - 10,QB,10
QB - 11,QB,11
QB - 12,QB,12
QB - 13,QB,13
QB - 14,QB,14
QB - 15,QB,15
QB - 16,QB,16
QB - 17,QB,17
QB - 18,QB,18
QB - 19,QB,19
QB - 20,QB,20
QB - 21,QB,21
QB - 22,QB,22
QB - 23,QB,23
QB - 24,QB,24
QB - 25,QB,25
QB - 26,QB,26
QB - 27,QB,27
QB - 28,QB,28
QB - 29,QB,29
QB - 30,QB,30
QB - 31,QB,31
QB - 32,QB,32
QB - 33,QB,33
QB - 34,QB,34
QB - 35,QB,35
QB - 36,QB,36
QB - 37,QB,37
QB - 38,QB,38
QB - 39,QB,39
QB - 40,QB,40
QB - 41,QB,41
QB - 42,QB,42
QB - 43,QB,43
QB - 44,QB,44
QB - 45,QB,45
QB - 46,QB,46
QB - 47,QB,47
QB - 48,QB,48
QB - 49,QB,49
QB - 50,QB,50
QB - 51,QB,51
QB - 52,QB,52
QB - 53,QB,53
QB - 54,QB,54
QB - 55,QB,55
QB - 56,QB,56
QB - 57,QB,57
QB - 58,QB,58
QB - 59,QB,59
QB - 60,QB,60
QB - 61,QB,61
QB - 62,QB,62
QB - 63,QB,63
QB - 64,QB,64
QB - 65,QB,65
QB - 66,QB,66
QB - 67,QB,67
QB - 68,QB,68
QB - 69,QB,69
QB - 70,QB,70
QB - 71,QB,71
QB - 72,QB,72
QB - 73,QB,73
QB - 74,QB,74
QB - 75,QB,75
QB - 76,QB,76
QB - 77,QB,77
QB - 78,QB,78
QB - 79,QB,79
QB - 80,QB,80
QB - 81,QB,81
QB - 82,QB,82
QB - 83,QB,83
QB - 84,QB,84
QB - 85,QB,85
QB - 86,QB,86
QB - 87,QB,87
QB - 88,QB,88
QB - 89,QB,89
QB - 90,QB,90
QB - 91,QB,91
QB - 92,QB,92
QB - 93,QB,93
QB - 94,QB,94
QB - 95,QB,95
QB - 96,QB,96
QB - 97,QB,97
QB - 98,QB,98
QB - 99,QB,99
QB - 100,QB,100
QB - 101,QB,101
QB - 102,QB,102
QB - 103,QB,103
QB - 104,QB,104
QB - 105,QB,105
QB - 106,QB,106
QB - 107,QB,107
QB - 108,QB,108
QB - 109,QB,109
QB - 110,QB,110
QB - 111,QB,111
QB - 112,QB,112
QB - 113,QB,113
QB - 114,QB,114
QB - 115,QB,115
QB - 116,QB,116
QB - 117,QB,117
QB - 118,QB,118
QB - 119,QB,119
QB - 120,QB,120
QB - 121,QB,121
QB - 122,QB,122
QB - 123,QB,123
QB - 124,QB,124
QB - 125,QB,125
QB - 126,QB,126
QB - 127,QB,127
QB - 128,QB,128
QB - 129,QB,129
QB - 130,QB,130
QB - 131,QB,131
QB - 132,QB,132
QB - 133,QB,133
QB - 134,QB,134
QB - 135,QB,135
QB - 136,QB,136
QB - 137,QB,137
QB - 138,QB,138
QB - 139,QB,139
QB - 140,QB,140
QB - 141,QB,141
QB - 142,QB,142
QB - 143,QB,143
QB - 144,QB,144
QB - 145,QB,145
QB - 146,QB,146
QB - 147,QB,147
QB - 148,QB,148
QB - 149,QB,149
QB - 150,QB,150
QB - 151,QB,151
QB - 152,QB,152
QB - 153,QB,153
QB - 154,QB,154
QB - 155,QB,155
QB - 156,QB,156
QB - 157,QB,157
QB - 158,QB,158
QB - 159,QB,159
QB - 160,QB,160
QB - 161,QB,161
QB - 162,QB,162
QB - 163,QB,163
QB - 163,QB,163
QB - 164,QB,164
QB - 165,QB,165
QB - 166,QB,166
QB - 167,QB,167
QB - 168,QB,168
QB - 169,QB,169
QB - 170,QB,170
QB - 171,QB,171
QB - 172,QB,172
QB - 173,QB,173
QB - 174,QB,174
QB - 175,QB,175
QB - 176,QB,176
QB - 177,QB,177
QB - 178,QB,178
QB - 179,QB,179
QB - 180,QB,180
QB - 181,QB,181
QB - 182,QB,182
QB - 183,QB,183
QB - 184,QB,184
QB - 185,QB,185
QB - 186,QB,186
QB - 187,QB,187
QB - 188,QB,188
QB - 189,QB,189
QB - 190,QB,190
QB - 191,QB,191
QB - 192,QB,192
QB - 193,QB,193
QB - 194,QB,194
QB - 195,QB,195
QB - 196,QB,196
QB - 197,QB,197
QB - 198,QB,198
QB - 199,QB,199
QB - 200,QB,200
QB - 201,QB,201
QB - 202,QB,202
QB - 203,QB,203
QB - 204,QB,204
QB - 205,QB,205
QB - 206,QB,206
QB - 207,QB,207
QB - 208,QB,208
QB - 209,QB,209
QB - 210,QB,210
QB - 211,QB,211
QB - 212,QB,212
QB - 213,QB,213
QB - 214,QB,214
QB - 215,QB,215
QB - 216,QB,216
QB - 217,QB,217
QB - 218,QB,218
QB - 219,QB,219
QB - 220,QB,220
QB - 221,QB,221
QB - 222,QB,222
QB - 223,QB,223
QB - 224,QB,224
QB - 225,QB,225
QB - 226,QB,226
QB - 227,QB,227
QB - 228,QB,228
QB - 229,QB,229
QB - 230,QB,230
QB - 231,QB,231
QB - 232,QB,232
QB - 233,QB,233
QB - 234,QB,234
QB - 235,QB,235
QB - 236,QB,236
QB - 237,QB,237
QB - 238,QB,238
QB - 239,QB,239
QB - 240,QB,240
QB - 241,QB,241
QB - 242,QB,242
QB - 243,QB,243
QB - 244,QB,244
QB - 245,QB,245
QB - 246,QB,246
QB - 247,QB,247
QB - 248,QB,248
QB - 249,QB,249
QB - 250,QB,250
QB - 251,QB,251
QB - 252,QB,252
QB - 253,QB,253
QB - 254,QB,254
QB - 255,QB,255
QB - 256,QB,256
QB - 257,QB,257
QB - 258,QB,258
QB - 259,QB,259
QB - 260,QB,260
QB - 261,QB,261
QB - 262,QB,262
QB - 263,QB,263
QB - 264,QB,264
QB - 265,QB,265
QB - 266,QB,266
QB - 267,QB,267
QB - 268,QB,268
QB - 269,QB,269
QB - 270,QB,270
QB - 271,QB,271
QB - 272,QB,272
QB - 273,QB,273
QB - 274,QB,274
QB - 275,QB,275
QB - 276,QB,276
QB - 277,QB,277
QB - 278,QB,278
QB - 279,QB,279
QB - 280,QB,280
QB - 281,QB,281
QB - 282,QB,282
QB - 283,QB,283
QB - 284,QB,284
QB - 285,QB,285
QB - 286,QB,286
QB - 287,QB,287
QB - 288,QB,288
QB - 289,QB,289
QB - 290,QB,290
QB - 291,QB,291
QB - 292,QB,292
QB - 293,QB,293
QB - 294,QB,294
QB - 295,QB,295
QB - 296,QB,296
QB - 297,QB,297
QB - 298,QB,298
QB - 299,QB,299
QB - 300,QB,300
QB - 301,QB,301
QB - 302,QB,302
QB - 303,QB,303
QB - 304,QB,304
QB - 305,QB,305
QB - 306,QB,306
QB - 307,QB,307
QB - 308,QB,308
QB - 309,QB,309
QB - 310,QB,310
QB - 311,QB,311
QB - 312,QB,312
QB - 313,QB,313
QB - 314,QB,314
QB - 315,QB,315
QB - 316,QB,316
QB - 317,QB,317
QB - 318,QB,318
QB - 319,QB,319
QB - 320,QB,320
QB - 321,QB,321
QB - 322,QB,322
QB - 323,QB,323
QB - 324,QB,324
QB - 325,QB,325
QB - 326,QB,326
QB - 327,QB,327
QB - 328,QB,328
QB - 329,QB,329
QB - 330,QB,330
QB - 331,QB,331
QB - 332,QB,332
QB - 333,QB,333
QB - 334,QB,334
QB - 335,QB,335
QB - 336,QB,336
QB - 337,QB,337
QB - 338,QB,338
QB - 339,QB,339
QB - 340,QB,340
QB - 341,QB,341
QB - 342,QB,342
QB - 343,QB,343
QB - 344,QB,344
QB - 345,QB,345
QB - 346,QB,346
QB - 347,QB,347
QB - 348,QB,348
QB - 349,QB,349
QB - 350,QB,350
QB - 351,QB,351
QB - 352,QB,352
QB - 353,QB,353
QB - 354,QB,354
QB - 355,QB,355
QB - 356,QB,356
QB - 357,QB,357
QB - 358,QB,358
QB - 359,QB,359
QB - 360,QB,360
QB - 361,QB,361
QB - 362,QB,362
QB - 363,QB,363
QB - 364,QB,364
QB - 365,QB,365
QB - 366,QB,366
QB - 367,QB,367
QB - 368,QB,368
QB - 369,QB,369
QB - 370,QB,370
QB - 371,QB,371
QB - 372,QB,372
QB - 373,QB,373
QB - 374,QB,374
QB - 375,QB,375
QB - 376,QB,376
QB - 377,QB,377
QB - 378,QB,378
QB - 379,QB,379
QB - 380,QB,380
QB - 380,QB,380
QB - 380,QB,380
QB - 381,QB,381
EPC1 May 2015 - 1,EPC1 May 2015,1
EPC1 May 2015 - 2,EPC1 May 2015,2
EPC1 April 2015 - 1,EPC1 April 2015,1
EPC1 April 2015 - 2,EPC1 April 2015,2
EPC1 March 2015 - 1,EPC1 March 2015,1
EPC1 March 2015 - 2,EPC1 March 2015,2
EPC1 February 2015 - 1,EPC1 February 2015,1
EPC1 February 2015 - 2,EPC1 February 2015,2
EPC1 January 2015 - 1,EPC1 January 2015,1
EPC1 January 2015 - 2,EPC1 January 2015,2
EPC1 December 2014 - 1,EPC1 December 2014,1
EPC1 December 2014 - 2,EPC1 December 2014,2
EPC1 November 2014 - 1,EPC1 November 2014,1
EPC1 October 2014 - 1,EPC1 October 2014,1
EPC1 September 2014 - 1,EPC1 September 2014,1
EPC1 September 2014 - 2,EPC1 September 2014,2
EPC1 September 2014 - 3,EPC1 September 2014,3
EPC1 September 2014 - 4,EPC1 September 2014,4
EPC1 September 2014 - 5,EPC1 September 2014,5
EPC1 September 2014 - 5,EPC1 September 2014,5
EPC1 September 2014 - 6,EPC1 September 2014,6
EPC1 September 2014 - 7,EPC1 September 2014,7
EPC1 September 2014 - 8,EPC1 September 2014,8
EPC1 August 2014 - 1,EPC1 August 2014,1
EPC1 August 2014 - 2,EPC1 August 2014,2
EPC1 August 2014 - 3,EPC1 August 2014,3
EPC1 August 2014 - 4,EPC1 August 2014,4
EPC1 August 2014 - 5,EPC1 August 2014,5
EPC1 August 2014 - 6,EPC1 August 2014,6
EPC1 July 2014 - 1,EPC1 July 2014,1
EPC1 July 2014 - 2,EPC1 July 2014,2
EPC1 July 2014 - 3,EPC1 July 2014,3
EPC1 July 2014 - 4,EPC1 July 2014,4
EPC1 July 2014 - 5,EPC1 July 2014,5
EPC1 July 2014 - 6,EPC1 July 2014,6
EPC1 July 2014 - 7,EPC1 July 2014,7
EPC1 July 2014 - 8,EPC1 July 2014,8
EPC1 July 2014 - 9,EPC1 July 2014,9
EPC1 July 2014 - 10,EPC1 July 2014,10
EPC1 July 2014 - 11,EPC1 July 2014,11
EPC1 July 2014 - 12,EPC1 July 2014,12
EPC1 July 2014 - 13,EPC1 July 2014,13
EPC1 July 2014 - 14,EPC1 July 2014,14
EPC1 July 2014 - 15,EPC1 July 2014,15
EPC1 July 2014 - 16,EPC1 July 2014,16
EPC1 July 2014 - 17,EPC1 July 2014,17
EPC1 July 2014 - 18,EPC1 July 2014,18
EPC1 July 2014 - 19,EPC1 July 2014,19
EPC1 June 2014 - 1,EPC1 June 2014,1
EPC1 June 2014 - 2,EPC1 June 2014,2
EPC1 June 2014 - 3,EPC1 June 2014,3
EPC1 June 2014 - 4,EPC1 June 2014,4
EPC1 May 2014 - 1,EPC1 May 2014,1
EPC1 May 2014 - 2,EPC1 May 2014,2
EPC1 May 2014 - 3,EPC1 May 2014,3
EPC1 May 2014 - 4,EPC1 May 2014,4
EPC1 May 2014 - 5,EPC1 May 2014,5
EPC1 April 2014 - 1,EPC1 April 2014,1
EPC1 April 2014 - 2,EPC1 April 2014,2
EPC1 April 2014 - 3,EPC1 April 2014,3
EPC1 April 2014 - 4,EPC1 April 2014,4
EPC1 March 2014 - 1,EPC1 March 2014,1
EPC1 March 2014 - 2,EPC1 March 2014,2
EPC1 March 2014 - 3,EPC1 March 2014,3
EPC1 March 2014 - 4,EPC1 March 2014,4
EPC1 March 2014 - 5,EPC1 March 2014,5
EPC1 February 2014 - 1,EPC1 February 2014,1
EPC1 February 2014 - 2,EPC1 February 2014,2
EPC1 February 2014 - 3,EPC1 February 2014,3
EPC1 February 2014 - 4,EPC1 February 2014,4
EPC1 February 2014 - 5,EPC1 February 2014,5
EPC1 November 2013 - 1,EPC1 November 2013,1
EPC1 November 2013 - 2,EPC1 November 2013,2
EPC1 November 2013 - 3,EPC1 November 2013,3
EPC1 November 2013 - 4,EPC1 November 2013,4
EPC1 November 2013 - 5,EPC1 November 2013,5
EPC1 November 2013 - 6,EPC1 November 2013,6
EPC1 November 2013 - 7,EPC1 November 2013,7
EPC1 October 2013 - 1,EPC1 October 2013,1
EPC1 October 2013 - 2,EPC1 October 2013,2
EPC1 October 2013 - 3,EPC1 October 2013,3
EPC1 October 2013 - 4,EPC1 October 2013,4
EPC1 October 2013 - 5,EPC1 October 2013,5
EPC1 October 2013 - 6,EPC1 October 2013,6
EPC1 October 2013 - 7,EPC1 October 2013,7
EPC1 September 2013 - 1,EPC1 September 2013,1
EPC1 September 2013 - 2,EPC1 September 2013,2
EPC1 September 2013 - 3,EPC1 September 2013,3
EPC1 September 2013 - 4,EPC1 September 2013,4
EPC1 September 2013 - 5,EPC1 September 2013,5
EPC1 September 2013 - 6,EPC1 September 2013,6
EPC1 September 2013 - 7,EPC1 September 2013,7
EPC1 September 2013 - 8,EPC1 September 2013,8
EPC1 August 2013 - 1,EPC1 August 2013,1
EPC1 August 2013 - 2,EPC1 August 2013,2
EPC1 August 2013 - 3,EPC1 August 2013,3
EPC1 August 2013 - 4,EPC1 August 2013,4
EPC1 August 2013 - 5,EPC1 August 2013,5
EPC1 August 2013 - 6,EPC1 August 2013,6
EPC1 August 2013 - 7,EPC1 August 2013,7
EPC1 August 2013 - 8,EPC1 August 2013,8
EPC1 August 2013 - 9,EPC1 August 2013,9
EPC1 July 2013 - 1,EPC1 July 2013,1
EPC1 July 2013 - 2,EPC1 July 2013,2
EPC1 July 2013 - 3,EPC1 July 2013,3
EPC1 July 2013 - 4,EPC1 July 2013,4
EPC1 July 2013 - 5,EPC1 July 2013,5
EPC1 July 2013 - 6,EPC1 July 2013,6
EPC1 July 2013 - 7,EPC1 July 2013,7
EPC1 July 2013 - 8,EPC1 July 2013,8
EPC1 July 2013 - 9,EPC1 July 2013,9
EPC1 July 2013 - 10,EPC1 July 2013,10
EPC1 July 2013 - 11,EPC1 July 2013,11
EPC1 June 2013 - 1,EPC1 June 2013,1
EPC1 June 2013 - 2,EPC1 June 2013,2
EPC1 June 2013 - 3,EPC1 June 2013,3
EPC1 June 2013 - 4,EPC1 June 2013,4
EPC1 June 2013 - 5,EPC1 June 2013,5
EPC1 June 2013 - 6,EPC1 June 2013,6
EPC1 June 2013 - 7,EPC1 June 2013,7
EPC1 June 2013 - 8,EPC1 June 2013,8
EPC1 June 2013 - 9,EPC1 June 2013,9
EPC1 June 2013 - 10,EPC1 June 2013,10
EPC1 June 2013 - 11,EPC1 June 2013,11
EPC1 June 2013 - 12,EPC1 June 2013,12
EPC2 April 2017 - 1,EPC2 April 2017,1
EPC2 April 2017 - 2,EPC2 April 2017,2
EPC2 April 2017 - 3,EPC2 April 2017,3
EPC2 April 2017 - 4,EPC2 April 2017,4
EPC2 April 2017 - 5,EPC2 April 2017,5
EPC2 February 2017 - 1,EPC2 February 2017,1
EPC2 February 2017 - 2,EPC2 February 2017,2
EPC2 February 2017 - 3,EPC2 February 2017,3
EPC2 February 2017 - 4,EPC2 February 2017,4
EPC2 February 2017 - 5,EPC2 February 2017,5
EPC2 December 2016 - 1,EPC2 December 2016,1
EPC2 December 2016 - 2,EPC2 December 2016,2
EPC2 December 2016 - 3,EPC2 December 2016,3
EPC2 December 2016 - 4,EPC2 December 2016,4
EPC2 December 2016 - 5,EPC2 December 2016,5
EPC2 October 2016 - 1,EPC2 October 2016,1
EPC2 October 2016 - 2,EPC2 October 2016,2
EPC2 October 2016 - 3,EPC2 October 2016,3
EPC2 October 2016 - 4,EPC2 October 2016,4
EPC2 October 2016 - 5,EPC2 October 2016,5
EPC2 August 2016 - 1,EPC2 August 2016,1
EPC2 August 2016 - 2,EPC2 August 2016,2
EPC2 August 2016 - 3,EPC2 August 2016,3
EPC2 August 2016 - 4,EPC2 August 2016,4
EPC2 August 2016 - 5,EPC2 August 2016,5
EPC2 June 2016 - 1,EPC2 June 2016,1
EPC2 June 2016 - 2,EPC2 June 2016,2
EPC2 June 2016 - 3,EPC2 June 2016,3
EPC2 June 2016 - 4,EPC2 June 2016,4
EPC2 June 2016 - 5,EPC2 June 2016,5
EPC2 March 2016 - 1,EPC2 March 2016,1
EPC2 March 2016 - 2,EPC2 March 2016,2
EPC2 March 2016 - 3,EPC2 March 2016,3
EPC2 March 2016 - 4,EPC2 March 2016,4
EPC2 March 2016 - 5,EPC2 March 2016,5
EPC2 January 2016 - 1,EPC2 January 2016,1
EPC2 January 2016 - 2,EPC2 January 2016,2
EPC2 January 2016 - 3,EPC2 January 2016,3
EPC2 January 2016 - 4,EPC2 January 2016,4
EPC2 January 2016 - 5,EPC2 January 2016,5
EPC2 November 2015 - 1,EPC2 November 2015,1
EPC2 November 2015 - 2,EPC2 November 2015,2
EPC2 November 2015 - 3,EPC2 November 2015,3
EPC2 November 2015 - 4,EPC2 November 2015,4
EPC2 November 2015 - 5,EPC2 November 2015,5
EPC2 September 2015 - 1,EPC2 September 2015,1
EPC2 September 2015 - 2,EPC2 September 2015,2
EPC2 September 2015 - 3,EPC2 September 2015,3
EPC2 September 2015 - 4,EPC2 September 2015,4
EPC2 September 2015 - 5,EPC2 September 2015,5
EPC2 July 2015 - 1,EPC2 July 2015,1
EPC2 July 2015 - 2,EPC2 July 2015,2
EPC2 July 2015 - 3,EPC2 July 2015,3
EPC2 July 2015 - 4,EPC2 July 2015,4
EPC2 July 2015 - 5,EPC2 July 2015,5
EPC3 May 2017 - 1,EPC3 May 2017,1
EPC3 June 2017 - 1,EPC3 June 2017,1
EPC3 July 2017 - 1,EPC3 July 2017,1
EPC3 July 2017 - 2,EPC3 July 2017,2
EPC3 August 2017 - 1,EPC3 August 2017,1
EPC3 September 2017 - 1,EPC3 September 2017,1
EPC3 November 2017 - 1,EPC3 November 2017,1
EPC3 November 2017 - 2,EPC3 November 2017,2
EPC3 December 2017 - 1,EPC3 December 2017,1
EPC3 December 2017 - 2,EPC3 December 2017,2
EPC3 January 2018 - 1,EPC3 January 2018,1
EPC3 January 2018 - 2,EPC3 January 2018,2
EPC3 March 2018 - 1,EPC3 March 2018,1
EPC3 April 2018 - 1,EPC3 April 2018,1
EPC3 April 2018 - 2,EPC3 April 2018,2
EPC3 May 2018 - 1,EPC3 May 2018,1
EPC3 May 2018 - 2,EPC3 May 2018,2
EPC3 June 2018 - 1,EPC3 June 2018,1
EPC3 July 2018 - 1,EPC3 July 2018,1
EPC3 July 2018 - 2,EPC3 July 2018,2
EPC3 August 2018 - 1,EPC3 August 2018,1
EPC3 August 2018 - 2,EPC3 August 2018,2
EPC3 September 2018 - 1,EPC3 September 2018,1
EPC3 October 2018 - 1,EPC3 October 2018,1
EPC3 November 2018 - 1,EPC3 November 2018,1
EPC3 November 2018 - 2,EPC3 November 2018,2
EPC3 December 2018 - 1,EPC3 December 2018,1
EPC3 January 2019 - 1,EPC3 January 2019,1
EPC3 January 2019 - 2,EPC3 January 2019,2
EPC3 February 2019 - 1,EPC3 February 2019,1
EPC3 February 2019 - 2,EPC3 February 2019,2
EPC3 February 2019 - 3,EPC3 February 2019,3
EPC3 February 2019 - 4,EPC3 February 2019,4
EPC3 March 2019 - 1,EPC3 March 2019,1
EPC3 March 2019 - 2,EPC3 March 2019,2
EPC3 March 2019 - 3,EPC3 March 2019,3
EPC3 April 2019 - 1,EPC3 April 2019,1
EPC3 April 2019 - 2,EPC3 April 2019,2
EPC3 May 2019 - 1,EPC3 May 2019,1
EPC3 May 2019 - 2,EPC3 May 2019,2
EPC3 May 2019 - 3,EPC3 May 2019,3
EPC3 June 2019 - 1,EPC3 June 2019,1
EPC3 June 2019 - 2,EPC3 June 2019,2
EPC3 June 2019 - 3,EPC3 June 2019,3
EPC3 July 2019 - 1,EPC3 July 2019,1
EPC3 August 2019 - 1,EPC3 August 2019,1
EPC3 August 2019 - 2,EPC3 August 2019,2
EPC3 August 2019 - 3,EPC3 August 2019,3
